{
  "accuracy": 0.9682256337022492,
  "precision_weighted": 0.9681967710436445,
  "recall_weighted": 0.9682256337022492,
  "f1_weighted": 0.9681915897852296,
  "precision_macro": 0.9679267532655424,
  "recall_macro": 0.9678809711078392,
  "f1_macro": 0.9678835599341579,
  "roc_auc_macro_ovr": 0.9987586270834056,
  "roc_auc_weighted_ovr": 0.9987670208717992,
  "confusion_totals": {
    "TP": 2712,
    "FP": 89,
    "FN": 89,
    "TN": -89
  }
}